{"report_minority_recall": [0.7058755379013573, 0.6677921218139689, 0.7077457795431976, 0.737404832836809, 0.7090036411784177, 0.7291956305858986, 0.7412777226084077, 0.7222939424031777, 0.6856504468718968, 0.7207050645481629], "report_minority_precision": [0.9111912249033216, 0.9133636729733668, 0.9059332443886724, 0.8870002178840387, 0.9080167696609844, 0.8839945042837527, 0.8919263804587029, 0.8999274519376405, 0.8967702398279508, 0.8992450425078908], "report_minority_f1_score": [0.783105892472246, 0.7430315353954909, 0.7855421861565677, 0.798468510567097, 0.7904379557470426, 0.7956037893422677, 0.8071234303770952, 0.7949884301487791, 0.7591649675866858, 0.7928403030216001]}
// Cora GCN 10 times for 10 time average
{'accuracy': [0.7578001057641459, 0.7593865679534638, 0.742993125330513, 0.7371760973030143, 0.7488101533580116, 0.7763088313061872, 0.7414066631411952, 0.736118455843469, 0.7689053410893707, 0.7625594923320994], '1': {'precision': [0.8823529411764706, 0.78125, 0.8365384615384616, 0.808695652173913, 0.7692307692307693, 0.7647058823529411, 0.8137254901960784, 0.8476190476190476, 0.7887323943661971, 0.7202797202797203], 'recall': [0.695364238410596, 0.6622516556291391, 0.5761589403973509, 0.6158940397350994, 0.5960264900662252, 0.6026490066225165, 0.5496688741721855, 0.5894039735099338, 0.7417218543046358, 0.6821192052980133], 'f1-score': [0.7777777777777777, 0.7168458781362008, 0.6823529411764706, 0.6992481203007519, 0.6716417910447762, 0.674074074074074, 0.6561264822134387, 0.6953125, 0.7645051194539249, 0.7006802721088436]}, '6': {'precision': [0.6528925619834711, 0.7540983606557377, 0.72, 0.7477477477477478, 0.6312056737588653, 0.7293233082706767, 0.6902654867256637, 0.6818181818181818, 0.752, 0.7222222222222222], 'recall': [0.632, 0.736, 0.576, 0.664, 0.712, 0.776, 0.624, 0.6, 0.752, 0.728], 'f1-score': [0.6422764227642277, 0.7449392712550607, 0.64, 0.7033898305084746, 0.6691729323308271, 0.751937984496124, 0.6554621848739496, 0.6382978723404256, 0.752, 0.7250996015936256]}, 'total': {'precision': [0.7676227515799708, 0.7676741803278688, 0.7782692307692307, 0.7782216999608305, 0.7002182214948173, 0.7470145953118089, 0.751995488460871, 0.7647186147186147, 0.7703661971830986, 0.7212509712509713], 'recall': [0.663682119205298, 0.6991258278145696, 0.5760794701986754, 0.6399470198675496, 0.6540132450331126, 0.6893245033112583, 0.5868344370860927, 0.5947019867549669, 0.7468609271523179, 0.7050596026490066], 'f1-score': [0.7100271002710027, 0.7308925746956307, 0.6611764705882353, 0.7013189754046132, 0.6704073616878017, 0.713006029285099, 0.6557943335436942, 0.6668051861702128, 0.7582525597269625, 0.7128899368512347]}}