{"report_minority_recall": [0.7058755379013573, 0.6677921218139689, 0.7077457795431976, 0.737404832836809, 0.7090036411784177, 0.7291956305858986, 0.7412777226084077, 0.7222939424031777, 0.6856504468718968, 0.7207050645481629], "report_minority_precision": [0.9111912249033216, 0.9133636729733668, 0.9059332443886724, 0.8870002178840387, 0.9080167696609844, 0.8839945042837527, 0.8919263804587029, 0.8999274519376405, 0.8967702398279508, 0.8992450425078908], "report_minority_f1_score": [0.783105892472246, 0.7430315353954909, 0.7855421861565677, 0.798468510567097, 0.7904379557470426, 0.7956037893422677, 0.8071234303770952, 0.7949884301487791, 0.7591649675866858, 0.7928403030216001]}